{"count":1,"self":55.881555199999994,"total":59.4450588,"children":{"InitializeActuators":{"count":3,"self":0.00099629999999999988,"total":0.00099629999999999988,"children":null},"InitializeSensors":{"count":3,"self":0.0019933999999999998,"total":0.0019933999999999998,"children":null},"AgentSendState":{"count":2744,"self":0.22892069999999998,"total":0.35409409999999997,"children":{"CollectObservations":{"count":3476,"self":0.0094982,"total":0.0094982,"children":null},"WriteActionMask":{"count":3476,"self":0.0084872,"total":0.0084872,"children":null},"RequestDecision":{"count":3476,"self":0.10718799999999999,"total":0.10718799999999999,"children":null}}},"DecideAction":{"count":2744,"self":3.1189655999999997,"total":3.1539403,"children":{"RayPerceptionSensor.Perceive":{"count":6403,"self":0.0349747,"total":0.0349747,"children":null}}},"AgentAct":{"count":2744,"self":0.051477999999999996,"total":0.051477999999999996,"children":null}},"gauges":{"Goalie.CumulativeReward":{"count":4,"max":0.260803252,"min":0.0151999891,"runningAverage":0.1162512,"value":0.0151999891,"weightedAverage":0.141792208},"Striker.CumulativeReward":{"count":8,"max":-0.0151999891,"min":-0.260803252,"runningAverage":-0.116251186,"value":-0.0151999891,"weightedAverage":-0.08241733}},"metadata":{"timer_format_version":"0.1.0","start_time_seconds":"1706080111","unity_version":"2020.3.34f1","command_line_arguments":"C:\/Program Files\/Unity 2020.3.34f1\/Editor\/Unity.exe -projectpath C:\\Users\\User\\Documents\\GitHub\\Football\\ml-agents-latest_release\\ml-agents-latest_release\\Project -useHub -hubIPC -cloudEnvironment production -licensingIpc LicenseClient-User -hubSessionId 4c90b0b6-cdd2-4020-a731-e4c0adf59d92 -accessToken K6zhPupJ8sFBmuXX0xj7cXe1S8a-8_1NMJ9WCcw02sc011f","communication_protocol_version":"1.5.0","com.unity.ml-agents_version":"2.2.1-exp.1","scene_name":"my soccer2","end_time_seconds":"1706080170"}}